{"cameraMode":{"drawMode":0,"name":"Shaded","section":"Shading Mode"},"sceneLighting":false,"audioPlay":false,"sceneViewState":{"showFog":true,"showMaterialUpdate":false,"showSkybox":false,"showFlares":true,"showImageEffects":true,"showParticleSystems":true},"in2DMode":false,"pivot":{"x":8.46119499206543,"y":2.8857614994049074,"z":-15.90499210357666},"rotation":{"x":0.0462382510304451,"y":0.9522261023521423,"z":-0.18393190205097199,"w":0.23939479887485505},"size":10.72555160522461,"orthographic":false}