{"cameraMode":{"drawMode":0,"name":"Shaded","section":"Shading Mode"},"sceneLighting":true,"audioPlay":false,"sceneViewState":{"showFog":true,"showMaterialUpdate":false,"showSkybox":true,"showFlares":true,"showImageEffects":true,"showParticleSystems":true},"in2DMode":false,"pivot":{"x":8.660222053527832,"y":-4.485960960388184,"z":-17.563919067382814},"rotation":{"x":0.07308695465326309,"y":0.9266031980514526,"z":-0.27329161763191225,"w":0.247785285115242},"size":15.401388168334961,"orthographic":false}